name,population
Alabama,4447100.0
Alaska,626932.0
Arizona,5130632.0
Arkansas,2673400.0
California,33871648.0
Colorado,4301261.0
Connecticut,3405565.0
Delaware,783600.0
District of Columbia,572059.0
Florida,15982378.0
Georgia,8186453.0
Hawaii,1211537.0
Idaho,1293953.0
Illinois,12419293.0
Indiana,6080485.0
Iowa,2926324.0
Kansas,2688418.0
Kentucky,4041769.0
Louisiana,4468976.0
Maine,1274923.0
Maryland,5296486.0
Massachusetts,6349097.0
Michigan,9938444.0
Minnesota,4919479.0
Mississippi,2844658.0
Missouri,5595211.0
Montana,902195.0
Nebraska,1711263.0
Nevada,1998257.0
New Hampshire,1235786.0
New Jersey,8414350.0
New Mexico,1819046.0
New York,18976457.0
North Carolina,8049313.0
North Dakota,642200.0
Ohio,11353140.0
Oklahoma,3450654.0
Oregon,3421399.0
Pennsylvania,12281054.0
Rhode Island,1048319.0
South Carolina,4012012.0
South Dakota,754844.0
Tennessee,5689283.0
Texas,20851820.0
Utah,2233169.0
Vermont,608827.0
Virginia,7078515.0
Washington,5894121.0
West Virginia,1808344.0
Wisconsin,5363675.0
Wyoming,493782.0
Total Resident Population1,281421906.0
Puerto Rico,3808610.0
including Puerto Rico,285230516.0
